{"mAP": 0.603184226239233, "precision": 0.7861845057509804, "recall": 0.7531544169290427}